hash_message,id1,predict,p0,p1,fraud_label,kl_fraud_words,ks_fraud_words,entropy_fraud_words,kl_notfraud_words,ks_notfraud_words,entropy_notfraud_words,features85_type,features85_size,ngramscounts7_type,ngramscounts7_size,features85_list_indices,features85_list_values,ngramscounts7_list_indices,ngramscounts7_list_values,match_no_match,words_conc
b54b87f177ad5d25037c91a9e9ae5e102bd72b1589f1f63a32400e8b3a4ec3eda353e740a8c257370dbebb81a29ca0bf9304218af6beaa7fb31d8e4cb78b734f,2268,1,0.7795760793416242,0.22042392065837577,0,3818.2177734375,0.911315381526947,0.07785838097333908,1915.4849853515625,0.2984386384487152,0.06055240333080292,0,85,0,262144,"[ 0  1  2  3  4  5  6  7  8  9 10 11 12 13 14 15 16 17 18 19 20 21 22 23
 24 25 26 27 28 29 30 31 32 33 34 35 37 38 40 41 42 43 44 45 46 47 48 49
 50 51 53 54 55 57 58 68 69]","[1. 2. 3. 4. 1. 1. 1. 1. 1. 1. 1. 1. 1. 1. 1. 1. 1. 1. 1. 1. 1. 1. 1. 1.
 1. 1. 1. 1. 1. 1. 1. 1. 1. 1. 1. 1. 1. 1. 1. 1. 1. 1. 1. 1. 1. 1. 1. 1.
 1. 1. 1. 1. 1. 1. 1. 1. 1.]","[     0      1      2      3      4      5      6      7      8      9
     10     11     14     15     16     17     18     94     95     96
     97     98    185    186    187    188    189    190    237    273
    274    275    351    352    402    403    404    405    406    407
    408    597    598    767   1117   1118   1349   1354   1355   1559
   1561   1562   1563   1565   2053   2057   2067   2216   2226   2928
  16482  16823  24026  24060  25269  25559  51404  54352  56776  56889
  57415  67834  70693 103217 104145 111290 112378 116137 117544]","[1. 1. 1. 1. 1. 1. 1. 1. 1. 1. 1. 1. 1. 1. 1. 1. 1. 1. 1. 1. 1. 1. 1. 1.
 1. 1. 1. 1. 1. 1. 1. 1. 1. 1. 1. 1. 1. 1. 1. 1. 1. 1. 1. 1. 1. 1. 1. 1.
 1. 1. 1. 1. 1. 1. 1. 1. 1. 1. 1. 1. 1. 1. 1. 1. 1. 1. 1. 1. 1. 1. 1. 1.
 1. 1. 1. 1. 1. 1. 1.]",no_match_predict_fraud,root15bb912945e68b51c65ac9a9fa9a45e944aedefb1870040a4a1536d3f6a03edd9requestmethodgeturlhttpsislcadazncommislv2playbackassetid1envrz3l18tg11in2go541qscieventid2lcpw641ewlwh2orv7r112mayformatm3uplayeriddazn0054087ccesecuretruelanguagecodeenlatitudenulllongitudenullplatformwebmanufacturermodelnullmtalanguagecodeitclientip15797145155headersuseragentmozilla50macintoshintelmacosx10_11_6applewebkit605115khtmllikegeckoversion1112safari605115typeinresponsestatuscode200reasonphraseokduration59jwtvieweride672284d46abdeviceid13a51d41a9f84bd792dee672284d46ab0054087cceuserstatusactivepaid
